dataset,endpoint,resource,column,field,start-date,end-date,entry-date
tree,,0384db1ec63fefcb3c64275b6c942296b4220a0c9566114789f8bada92827a41,OBJECTID,reference,,,
tree,,0384db1ec63fefcb3c64275b6c942296b4220a0c9566114789f8bada92827a41,DESCRIPT,name,,,
tree,,0384db1ec63fefcb3c64275b6c942296b4220a0c9566114789f8bada92827a41,REFVAL,tree-preservation-order,,,
tree,,0384db1ec63fefcb3c64275b6c942296b4220a0c9566114789f8bada92827a41,ADDRESS,address-text,,,
tree,,0384db1ec63fefcb3c64275b6c942296b4220a0c9566114789f8bada92827a41,DATE_CREATED,start-date,,,
tree,,0384db1ec63fefcb3c64275b6c942296b4220a0c9566114789f8bada92827a41,DATE_CLOSED,end-date,,,
tree,,0384db1ec63fefcb3c64275b6c942296b4220a0c9566114789f8bada92827a41,DATE_MODIFIED,entry-date,,,
tree-preservation-zone,,06b04d580c663b3be92b052f51c54f773cd1e10907fa34fee26e21f79f5fd146,address,address,,,
tree-preservation-zone,,06b04d580c663b3be92b052f51c54f773cd1e10907fa34fee26e21f79f5fd146,objectid_1,reference,,,
tree-preservation-zone,,06b04d580c663b3be92b052f51c54f773cd1e10907fa34fee26e21f79f5fd146,status,tree-preservation-zone-type,,,
tree-preservation-order,,0c035f369a58fefe56046a87edf4f9429ae7c95aefc6a8decf0e4d85cda5ab0c,tporef,reference,,,
tree-preservation-order,,0c035f369a58fefe56046a87edf4f9429ae7c95aefc6a8decf0e4d85cda5ab0c,tponame,name,,,
tree-preservation-order,,0c035f369a58fefe56046a87edf4f9429ae7c95aefc6a8decf0e4d85cda5ab0c,location,address-text,,,
tree-preservation-order,,0c035f369a58fefe56046a87edf4f9429ae7c95aefc6a8decf0e4d85cda5ab0c,served,start-date,,,
tree-preservation-zone,,0c035f369a58fefe56046a87edf4f9429ae7c95aefc6a8decf0e4d85cda5ab0c,location,name,,,
tree-preservation-zone,,0c035f369a58fefe56046a87edf4f9429ae7c95aefc6a8decf0e4d85cda5ab0c,made_date,start-date,,,
tree-preservation-zone,,0c035f369a58fefe56046a87edf4f9429ae7c95aefc6a8decf0e4d85cda5ab0c,species,tree-species-list,,,
tree-preservation-zone,,0c035f369a58fefe56046a87edf4f9429ae7c95aefc6a8decf0e4d85cda5ab0c,tpotreeref,reference,,,
tree-preservation-zone,,0c035f369a58fefe56046a87edf4f9429ae7c95aefc6a8decf0e4d85cda5ab0c,tporef,tree-preservation-order,,,
tree-preservation-zone,,0c035f369a58fefe56046a87edf4f9429ae7c95aefc6a8decf0e4d85cda5ab0c,tpo_type,tree-preservation-zone-type,,,
tree-preservation-zone,,0c035f369a58fefe56046a87edf4f9429ae7c95aefc6a8decf0e4d85cda5ab0c,varied_dat,entry-date,,,
tree-preservation-order,,10a1d54078c8dddf5a75e745bc78ec0febe6d8b074043814d580897188068230,Description,notes,,,
tree-preservation-order,,10a1d54078c8dddf5a75e745bc78ec0febe6d8b074043814d580897188068230,Location,address-text,,,
tree-preservation-order,,10a1d54078c8dddf5a75e745bc78ec0febe6d8b074043814d580897188068230,TPO,reference,,,
tree-preservation-zone,,10a1d54078c8dddf5a75e745bc78ec0febe6d8b074043814d580897188068230,location,name,,,
tree-preservation-zone,,10a1d54078c8dddf5a75e745bc78ec0febe6d8b074043814d580897188068230,tpo,tree-preservation-order,,,
tree-preservation-zone,,1b8671192d76b217bfdd8c23ca25cdac6e3ba3b2e924dd9aad8d2495f5cbc89d,ADDRESS,address-text,,,
tree-preservation-zone,,1b8671192d76b217bfdd8c23ca25cdac6e3ba3b2e924dd9aad8d2495f5cbc89d,DATE_CREAT,start-date,,,
tree-preservation-zone,,1b8671192d76b217bfdd8c23ca25cdac6e3ba3b2e924dd9aad8d2495f5cbc89d,DATE_MODIF,entry-date,,,
tree-preservation-zone,,1b8671192d76b217bfdd8c23ca25cdac6e3ba3b2e924dd9aad8d2495f5cbc89d,DESCRIPT,name,,,
tree-preservation-zone,,1b8671192d76b217bfdd8c23ca25cdac6e3ba3b2e924dd9aad8d2495f5cbc89d,KEYVAL,reference,,,
tree-preservation-zone,,1b8671192d76b217bfdd8c23ca25cdac6e3ba3b2e924dd9aad8d2495f5cbc89d,REFVAL,tree-preservation-order,,,
tree-preservation-zone,,1d5747fd6e5354e3fddece413f9367c1b33548d386dd8b6cec953b9773c54442,address,address,,,
tree-preservation-zone,,1d5747fd6e5354e3fddece413f9367c1b33548d386dd8b6cec953b9773c54442,status,tree-preservation-zone-type,,,
tree-preservation-order,,20ab1d84c669217e70328f90d2379c75c59a3889945bfba4941090021ab2214f,Location,address-text,,,
tree-preservation-order,,20ab1d84c669217e70328f90d2379c75c59a3889945bfba4941090021ab2214f,Made_date,start-date,,,
tree-preservation-order,,20ab1d84c669217e70328f90d2379c75c59a3889945bfba4941090021ab2214f,Species,tree-species-list,,,
tree-preservation-order,,20ab1d84c669217e70328f90d2379c75c59a3889945bfba4941090021ab2214f,TPO_docume,document-url,,,
tree-preservation-order,,20ab1d84c669217e70328f90d2379c75c59a3889945bfba4941090021ab2214f,TPO_number,reference,,,
tree-preservation-order,,20ab1d84c669217e70328f90d2379c75c59a3889945bfba4941090021ab2214f,TPO_type,tree-preservation-zone-type,,,
tree-preservation-order,,20ab1d84c669217e70328f90d2379c75c59a3889945bfba4941090021ab2214f,Varied_dat,entry-date,,,
tree-preservation-zone,,20ab1d84c669217e70328f90d2379c75c59a3889945bfba4941090021ab2214f,location,name,,,
tree-preservation-zone,,20ab1d84c669217e70328f90d2379c75c59a3889945bfba4941090021ab2214f,made_date,start-date,,,
tree-preservation-zone,,20ab1d84c669217e70328f90d2379c75c59a3889945bfba4941090021ab2214f,species,tree-species-list,,,
tree-preservation-zone,,20ab1d84c669217e70328f90d2379c75c59a3889945bfba4941090021ab2214f,tpo_number,tree-preservation-order,,,
tree-preservation-zone,,20ab1d84c669217e70328f90d2379c75c59a3889945bfba4941090021ab2214f,tpo_type,tree-preservation-zone-type,,,
tree-preservation-zone,,20ab1d84c669217e70328f90d2379c75c59a3889945bfba4941090021ab2214f,varied_dat,entry-date,,,
tree-preservation-order,,2c8acd4d9e2920fb257b14ebcfb42344dea71e76572966f47f95641e0984fabe,Location,address-text,,,
tree-preservation-order,,2c8acd4d9e2920fb257b14ebcfb42344dea71e76572966f47f95641e0984fabe,Made_date,start-date,,,
tree-preservation-order,,2c8acd4d9e2920fb257b14ebcfb42344dea71e76572966f47f95641e0984fabe,Species,tree-species-list,,,
tree-preservation-order,,2c8acd4d9e2920fb257b14ebcfb42344dea71e76572966f47f95641e0984fabe,TPO_docume,document-url,,,
tree-preservation-order,,2c8acd4d9e2920fb257b14ebcfb42344dea71e76572966f47f95641e0984fabe,TPO_number,reference,,,
tree-preservation-order,,2c8acd4d9e2920fb257b14ebcfb42344dea71e76572966f47f95641e0984fabe,TPO_type,tree-preservation-zone-type,,,
tree-preservation-order,,2c8acd4d9e2920fb257b14ebcfb42344dea71e76572966f47f95641e0984fabe,Varied_dat,entry-date,,,
tree-preservation-zone,,2c8acd4d9e2920fb257b14ebcfb42344dea71e76572966f47f95641e0984fabe,location,name,,,
tree-preservation-zone,,2c8acd4d9e2920fb257b14ebcfb42344dea71e76572966f47f95641e0984fabe,made_date,start-date,,,
tree-preservation-zone,,2c8acd4d9e2920fb257b14ebcfb42344dea71e76572966f47f95641e0984fabe,species,tree-species-list,,,
tree-preservation-zone,,2c8acd4d9e2920fb257b14ebcfb42344dea71e76572966f47f95641e0984fabe,tpo_number,tree-preservation-order,,,
tree-preservation-zone,,2c8acd4d9e2920fb257b14ebcfb42344dea71e76572966f47f95641e0984fabe,tpo_type,tree-preservation-zone-type,,,
tree-preservation-zone,,2c8acd4d9e2920fb257b14ebcfb42344dea71e76572966f47f95641e0984fabe,varied_dat,entry-date,,,
tree-preservation-order,,3e20b3653f51f3c3ec57a9d39bb9463553df9bf0308f9319785b87ef1116f09e,name,IGNORE,,,
tree-preservation-order,,3e20b3653f51f3c3ec57a9d39bb9463553df9bf0308f9319785b87ef1116f09e,description,IGNORE,,,
tree-preservation-order,,3e20b3653f51f3c3ec57a9d39bb9463553df9bf0308f9319785b87ef1116f09e,GIS_REF,reference,,,
tree-preservation-order,,3e20b3653f51f3c3ec57a9d39bb9463553df9bf0308f9319785b87ef1116f09e,ADDRESS,address-text,,,
tree-preservation-order,,3e20b3653f51f3c3ec57a9d39bb9463553df9bf0308f9319785b87ef1116f09e,DATE185,start-date,,,
tree-preservation-zone,,3e20b3653f51f3c3ec57a9d39bb9463553df9bf0308f9319785b87ef1116f09e,GIS_REF,reference,,,
tree-preservation-zone,,3e20b3653f51f3c3ec57a9d39bb9463553df9bf0308f9319785b87ef1116f09e,name,IGNORE,,,
tree-preservation-zone,,3e20b3653f51f3c3ec57a9d39bb9463553df9bf0308f9319785b87ef1116f09e,description,IGNORE,,,
tree-preservation-zone,,3e20b3653f51f3c3ec57a9d39bb9463553df9bf0308f9319785b87ef1116f09e,ADDRESS,address-text,,,
tree-preservation-zone,,3e20b3653f51f3c3ec57a9d39bb9463553df9bf0308f9319785b87ef1116f09e,DATE185,start-date,,,
tree-preservation-zone,,3e20b3653f51f3c3ec57a9d39bb9463553df9bf0308f9319785b87ef1116f09e,SPECIES,tree-species-list,,,
tree-preservation-order,,565ccd7f93f479428b2164f3e02e49a454f47721bf418b1a153ac19049ec05ea,Description,notes,,,
tree-preservation-order,,565ccd7f93f479428b2164f3e02e49a454f47721bf418b1a153ac19049ec05ea,Location,address-text,,,
tree-preservation-order,,565ccd7f93f479428b2164f3e02e49a454f47721bf418b1a153ac19049ec05ea,TPO,reference,,,
tree-preservation-zone,,565ccd7f93f479428b2164f3e02e49a454f47721bf418b1a153ac19049ec05ea,location,name,,,
tree-preservation-zone,,565ccd7f93f479428b2164f3e02e49a454f47721bf418b1a153ac19049ec05ea,tpo,tree-preservation-order,,,
tree-preservation-order,,7315d937dcef7d3b9028d71e0ce6cd9b0277e36cb2b69783e1b215a955ce20db,Description,notes,,,
tree-preservation-order,,7315d937dcef7d3b9028d71e0ce6cd9b0277e36cb2b69783e1b215a955ce20db,Location,address-text,,,
tree-preservation-order,,7315d937dcef7d3b9028d71e0ce6cd9b0277e36cb2b69783e1b215a955ce20db,TPO,reference,,,
tree-preservation-zone,,7315d937dcef7d3b9028d71e0ce6cd9b0277e36cb2b69783e1b215a955ce20db,location,name,,,
tree-preservation-zone,,7315d937dcef7d3b9028d71e0ce6cd9b0277e36cb2b69783e1b215a955ce20db,tpo,tree-preservation-order,,,
tree,,8d817f2adcad6032d0b901e19c57c3577aac4b530b2ca45733be164a3d833f33,ADDRESS,address-text,,,
tree,,8d817f2adcad6032d0b901e19c57c3577aac4b530b2ca45733be164a3d833f33,DATEREM,end-date,,,
tree,,8d817f2adcad6032d0b901e19c57c3577aac4b530b2ca45733be164a3d833f33,DATE_CREAT,start-date,,,
tree,,8d817f2adcad6032d0b901e19c57c3577aac4b530b2ca45733be164a3d833f33,DATE_MODIF,entry-date,,,
tree,,8d817f2adcad6032d0b901e19c57c3577aac4b530b2ca45733be164a3d833f33,DESCRIPT,name,,,
tree,,8d817f2adcad6032d0b901e19c57c3577aac4b530b2ca45733be164a3d833f33,KEYVAL,reference,,,
tree,,8d817f2adcad6032d0b901e19c57c3577aac4b530b2ca45733be164a3d833f33,REFVAL,tree-preservation-order,,,
tree,,8d817f2adcad6032d0b901e19c57c3577aac4b530b2ca45733be164a3d833f33,ADDRESS,address-text,,,
tree,,8d817f2adcad6032d0b901e19c57c3577aac4b530b2ca45733be164a3d833f33,DATEREM,end-date,,,
tree,,8d817f2adcad6032d0b901e19c57c3577aac4b530b2ca45733be164a3d833f33,DATE_CREAT,start-date,,,
tree,,8d817f2adcad6032d0b901e19c57c3577aac4b530b2ca45733be164a3d833f33,DATE_MODIF,entry-date,,,
tree,,8d817f2adcad6032d0b901e19c57c3577aac4b530b2ca45733be164a3d833f33,DESCRIPT,name,,,
tree,,8d817f2adcad6032d0b901e19c57c3577aac4b530b2ca45733be164a3d833f33,KEYVAL,reference,,,
tree,,8d817f2adcad6032d0b901e19c57c3577aac4b530b2ca45733be164a3d833f33,REFVAL,tree-preservation-order,,,
tree-preservation-order,,8f35e0a7bbca0daeda982d6f39aac0afa7b0fae1bf9419c53a5d279f450ad7b3,LEGISLATION,legislation,,,
tree-preservation-order,,8f35e0a7bbca0daeda982d6f39aac0afa7b0fae1bf9419c53a5d279f450ad7b3,ORDER_MADE,start-date,,,
tree-preservation-order,,8f35e0a7bbca0daeda982d6f39aac0afa7b0fae1bf9419c53a5d279f450ad7b3,TPO_NO,reference,,,
tree,,8f35e0a7bbca0daeda982d6f39aac0afa7b0fae1bf9419c53a5d279f450ad7b3,ADDRESS,address-text,,,
tree,,8f35e0a7bbca0daeda982d6f39aac0afa7b0fae1bf9419c53a5d279f450ad7b3,CODE,reference,,,
tree,,8f35e0a7bbca0daeda982d6f39aac0afa7b0fae1bf9419c53a5d279f450ad7b3,SPEC_NAME,tree-species,,,
tree,,8f35e0a7bbca0daeda982d6f39aac0afa7b0fae1bf9419c53a5d279f450ad7b3,TPO_NO,tree-preservation-order,,,
tree,,8f35e0a7bbca0daeda982d6f39aac0afa7b0fae1bf9419c53a5d279f450ad7b3,TREE_NO,tree-preservation-order-tree,,,
tree,,8f35e0a7bbca0daeda982d6f39aac0afa7b0fae1bf9419c53a5d279f450ad7b3,UPRN_1,address,,,
tree-preservation-zone,,9543d8bdad14dc593530b978b849404a73df4b1be520c04da188682a0a3ea196,OBJECTID,reference,,,
tree-preservation-zone,,9543d8bdad14dc593530b978b849404a73df4b1be520c04da188682a0a3ea196,DESCRIPT,name,,,
tree-preservation-zone,,9543d8bdad14dc593530b978b849404a73df4b1be520c04da188682a0a3ea196,REFVAL,tree-preservation-order,,,
tree-preservation-zone,,9543d8bdad14dc593530b978b849404a73df4b1be520c04da188682a0a3ea196,TPTREECAT,tree-preservation-zone-type,,,
tree-preservation-zone,,9543d8bdad14dc593530b978b849404a73df4b1be520c04da188682a0a3ea196,DATE_CREATED,start-date,,,
tree-preservation-zone,,9543d8bdad14dc593530b978b849404a73df4b1be520c04da188682a0a3ea196,DATE_CLOSED,end-date,,,
tree-preservation-zone,,9543d8bdad14dc593530b978b849404a73df4b1be520c04da188682a0a3ea196,DATE_MODIFIED,entry-date,,,
tree-preservation-order,,a993375ec694f798bbfacff2a8553141a537436d017c6f30e161c6c4b55b5292,LEGISLATION,legislation,,,
tree-preservation-order,,a993375ec694f798bbfacff2a8553141a537436d017c6f30e161c6c4b55b5292,ORDER_MADE,start-date,,,
tree-preservation-order,,a993375ec694f798bbfacff2a8553141a537436d017c6f30e161c6c4b55b5292,TPO_NO,reference,,,
tree,,a993375ec694f798bbfacff2a8553141a537436d017c6f30e161c6c4b55b5292,ADDRESS,address-text,,,
tree,,a993375ec694f798bbfacff2a8553141a537436d017c6f30e161c6c4b55b5292,CODE,reference,,,
tree,,a993375ec694f798bbfacff2a8553141a537436d017c6f30e161c6c4b55b5292,SPEC_NAME,tree-species,,,
tree,,a993375ec694f798bbfacff2a8553141a537436d017c6f30e161c6c4b55b5292,TPO_NO,tree-preservation-order,,,
tree,,a993375ec694f798bbfacff2a8553141a537436d017c6f30e161c6c4b55b5292,TREE_NO,tree-preservation-order-tree,,,
tree,,a993375ec694f798bbfacff2a8553141a537436d017c6f30e161c6c4b55b5292,UPRN_1,address,,,
tree,,a993375ec694f798bbfacff2a8553141a537436d017c6f30e161c6c4b55b5292,ADDRESS,address-text,,,
tree,,a993375ec694f798bbfacff2a8553141a537436d017c6f30e161c6c4b55b5292,CODE,reference,,,
tree,,a993375ec694f798bbfacff2a8553141a537436d017c6f30e161c6c4b55b5292,SPEC_NAME,tree-species,,,
tree,,a993375ec694f798bbfacff2a8553141a537436d017c6f30e161c6c4b55b5292,TPO_NO,tree-preservation-order,,,
tree,,a993375ec694f798bbfacff2a8553141a537436d017c6f30e161c6c4b55b5292,TREE_NO,tree-preservation-order-tree,,,
tree,,a993375ec694f798bbfacff2a8553141a537436d017c6f30e161c6c4b55b5292,UPRN_1,address,,,
tree-preservation-zone,,ae35aa8a7903f92fdb6035cae6183ef5bf7683e876733b5fbcf29f7704976a90,KEYVAL,reference,,,
tree-preservation-zone,,ae35aa8a7903f92fdb6035cae6183ef5bf7683e876733b5fbcf29f7704976a90,ORDERREF,tree-preservation-order,,,
tree-preservation-zone,,ae35aa8a7903f92fdb6035cae6183ef5bf7683e876733b5fbcf29f7704976a90,ORDERYEAR,start-date,,,
tree-preservation-zone,,ae35aa8a7903f92fdb6035cae6183ef5bf7683e876733b5fbcf29f7704976a90,TREETYPE,notes,,,
tree-preservation-zone,,ae35aa8a7903f92fdb6035cae6183ef5bf7683e876733b5fbcf29f7704976a90,KEYVAL,reference,,,
tree-preservation-zone,,ae35aa8a7903f92fdb6035cae6183ef5bf7683e876733b5fbcf29f7704976a90,ORDERREF,tree-preservation-order,,,
tree-preservation-zone,,ae35aa8a7903f92fdb6035cae6183ef5bf7683e876733b5fbcf29f7704976a90,ORDERYEAR,start-date,,,
tree-preservation-zone,,ae35aa8a7903f92fdb6035cae6183ef5bf7683e876733b5fbcf29f7704976a90,TREETYPE,notes,,,
tree-preservation-zone,,b2a456b6735fb44e4ec7b86f1dd662802a3b123d29accc057149c24ebdbdfe09,OBJECTID,reference,,,
tree-preservation-zone,,b2a456b6735fb44e4ec7b86f1dd662802a3b123d29accc057149c24ebdbdfe09,species_1_name,tree-species-list,,,
tree-preservation-zone,,b2a456b6735fb44e4ec7b86f1dd662802a3b123d29accc057149c24ebdbdfe09,tpo_number,tree-preservation-order,,,
tree-preservation-zone,,b2a456b6735fb44e4ec7b86f1dd662802a3b123d29accc057149c24ebdbdfe09,uprn,address,,,
tree-preservation-zone,,c19e8dee488573aa4ab475e43148e74693720098fa05fef6be7298ef1caa3f6a,address,address,,,
tree-preservation-zone,,c19e8dee488573aa4ab475e43148e74693720098fa05fef6be7298ef1caa3f6a,status,tree-preservation-zone-type,,,
tree-preservation-order,,cab148c36aaec04f795c14ab88b2bba4b1d713578d17dab1b5e4d782ee78b705,Location,address-text,,,
tree-preservation-order,,cab148c36aaec04f795c14ab88b2bba4b1d713578d17dab1b5e4d782ee78b705,Made_date,start-date,,,
tree-preservation-order,,cab148c36aaec04f795c14ab88b2bba4b1d713578d17dab1b5e4d782ee78b705,Species,tree-species-list,,,
tree-preservation-order,,cab148c36aaec04f795c14ab88b2bba4b1d713578d17dab1b5e4d782ee78b705,TPO_docume,document-url,,,
tree-preservation-order,,cab148c36aaec04f795c14ab88b2bba4b1d713578d17dab1b5e4d782ee78b705,TPO_number,reference,,,
tree-preservation-order,,cab148c36aaec04f795c14ab88b2bba4b1d713578d17dab1b5e4d782ee78b705,TPO_type,tree-preservation-zone-type,,,
tree-preservation-order,,cab148c36aaec04f795c14ab88b2bba4b1d713578d17dab1b5e4d782ee78b705,Varied_dat,entry-date,,,
tree-preservation-zone,,cab148c36aaec04f795c14ab88b2bba4b1d713578d17dab1b5e4d782ee78b705,location,name,,,
tree-preservation-zone,,cab148c36aaec04f795c14ab88b2bba4b1d713578d17dab1b5e4d782ee78b705,made_date,start-date,,,
tree-preservation-zone,,cab148c36aaec04f795c14ab88b2bba4b1d713578d17dab1b5e4d782ee78b705,species,tree-species-list,,,
tree-preservation-zone,,cab148c36aaec04f795c14ab88b2bba4b1d713578d17dab1b5e4d782ee78b705,tpo_number,tree-preservation-order,,,
tree-preservation-zone,,cab148c36aaec04f795c14ab88b2bba4b1d713578d17dab1b5e4d782ee78b705,tpo_type,tree-preservation-zone-type,,,
tree-preservation-zone,,cab148c36aaec04f795c14ab88b2bba4b1d713578d17dab1b5e4d782ee78b705,varied_dat,entry-date,,,
tree-preservation-zone,,e522866c34e87141363d2f8c2e94f0b20c34d1c02dd0e097fa2ad58616b7a003,DATE_OF_OR,start-date,,,
tree-preservation-zone,,e522866c34e87141363d2f8c2e94f0b20c34d1c02dd0e097fa2ad58616b7a003,DETAILS_OF,notes,,,
tree-preservation-zone,,e522866c34e87141363d2f8c2e94f0b20c34d1c02dd0e097fa2ad58616b7a003,EXPIRY_DAT,end-date,,,
tree-preservation-zone,,e522866c34e87141363d2f8c2e94f0b20c34d1c02dd0e097fa2ad58616b7a003,INT_ID,reference,,,
tree-preservation-zone,,e522866c34e87141363d2f8c2e94f0b20c34d1c02dd0e097fa2ad58616b7a003,ORDER_NO,tree-preservation-order,,,
tree-preservation-zone,,e6f0a43ad172c74d2ae597caf4841ec41c27bee586b0cc3fc91a11b75506ae50,OBJECTID,reference,,,
tree-preservation-zone,,e6f0a43ad172c74d2ae597caf4841ec41c27bee586b0cc3fc91a11b75506ae50,species_1_name,tree-species-list,,,
tree-preservation-zone,,e6f0a43ad172c74d2ae597caf4841ec41c27bee586b0cc3fc91a11b75506ae50,tpo_number,tree-preservation-order,,,
tree-preservation-zone,,e6f0a43ad172c74d2ae597caf4841ec41c27bee586b0cc3fc91a11b75506ae50,uprn,address,,,
tree-preservation-order,,eb5dbbbc4aed2ec190375d15f06b772559d336b94ba776aa3ddd3c042efa34f8,Description,notes,,,
tree-preservation-order,,eb5dbbbc4aed2ec190375d15f06b772559d336b94ba776aa3ddd3c042efa34f8,Location,address-text,,,
tree-preservation-order,,eb5dbbbc4aed2ec190375d15f06b772559d336b94ba776aa3ddd3c042efa34f8,TPO,reference,,,
tree-preservation-zone,,eb5dbbbc4aed2ec190375d15f06b772559d336b94ba776aa3ddd3c042efa34f8,location,name,,,
tree-preservation-zone,,eb5dbbbc4aed2ec190375d15f06b772559d336b94ba776aa3ddd3c042efa34f8,tpo,tree-preservation-order,,,
tree-preservation-order,,f74669bf0c4f1f2687cb1ef8c272f108cb0cc0fbb81c192f0e92e7bf55adf9e5,tporef,reference,,,
tree-preservation-order,,f74669bf0c4f1f2687cb1ef8c272f108cb0cc0fbb81c192f0e92e7bf55adf9e5,tponame,name,,,
tree-preservation-order,,f74669bf0c4f1f2687cb1ef8c272f108cb0cc0fbb81c192f0e92e7bf55adf9e5,location,address-text,,,
tree-preservation-order,,f74669bf0c4f1f2687cb1ef8c272f108cb0cc0fbb81c192f0e92e7bf55adf9e5,served,start-date,,,
tree,,f74669bf0c4f1f2687cb1ef8c272f108cb0cc0fbb81c192f0e92e7bf55adf9e5,tporef,tree-preservation-order,,,
tree,,f74669bf0c4f1f2687cb1ef8c272f108cb0cc0fbb81c192f0e92e7bf55adf9e5,tpotreeref,reference,,,
tree,,f74669bf0c4f1f2687cb1ef8c272f108cb0cc0fbb81c192f0e92e7bf55adf9e5,treeref,name,,,
tree,,f74669bf0c4f1f2687cb1ef8c272f108cb0cc0fbb81c192f0e92e7bf55adf9e5,served,start-date,,,
tree,,f74669bf0c4f1f2687cb1ef8c272f108cb0cc0fbb81c192f0e92e7bf55adf9e5,treedesc,description,,,
tree-preservation-order,,f9c98a7bb2fe99b4fffb86a5d8f4d840119f6fa72c7b2876ed5dac7d78fa39bf,Location,address-text,,,
tree-preservation-order,,f9c98a7bb2fe99b4fffb86a5d8f4d840119f6fa72c7b2876ed5dac7d78fa39bf,Made_date,start-date,,,
tree-preservation-order,,f9c98a7bb2fe99b4fffb86a5d8f4d840119f6fa72c7b2876ed5dac7d78fa39bf,Species,tree-species-list,,,
tree-preservation-order,,f9c98a7bb2fe99b4fffb86a5d8f4d840119f6fa72c7b2876ed5dac7d78fa39bf,TPO_docume,document-url,,,
tree-preservation-order,,f9c98a7bb2fe99b4fffb86a5d8f4d840119f6fa72c7b2876ed5dac7d78fa39bf,TPO_number,reference,,,
tree-preservation-order,,f9c98a7bb2fe99b4fffb86a5d8f4d840119f6fa72c7b2876ed5dac7d78fa39bf,TPO_type,tree-preservation-zone-type,,,
tree-preservation-order,,f9c98a7bb2fe99b4fffb86a5d8f4d840119f6fa72c7b2876ed5dac7d78fa39bf,Varied_dat,entry-date,,,
tree,,,wkt,point,,,
tree-preservation-zone,,,wkt,geometry,,,
tree-preservation-zone,de1eb90a8b037292ef8ae14bfabd1184847ef99b7c6296bb6e75379e6c1f9572,,DESCRIPT,name,,,
tree-preservation-zone,de1eb90a8b037292ef8ae14bfabd1184847ef99b7c6296bb6e75379e6c1f9572,,Type,tree-preservation-zone-type,,,
tree-preservation-zone,de1eb90a8b037292ef8ae14bfabd1184847ef99b7c6296bb6e75379e6c1f9572,,Comment,notes,,,
tree-preservation-zone,de1eb90a8b037292ef8ae14bfabd1184847ef99b7c6296bb6e75379e6c1f9572,,ADDRESS,address-text,,,
tree-preservation-zone,de1eb90a8b037292ef8ae14bfabd1184847ef99b7c6296bb6e75379e6c1f9572,,Species,tree-species-list,,,
tree,a05e76e962d438545a5a48c967cd2b1229ebc951a9a4a6d4d7ecad4379f0f1ca,,DESCRIPT,name,,,
tree,a05e76e962d438545a5a48c967cd2b1229ebc951a9a4a6d4d7ecad4379f0f1ca,,Comment,notes,,,
tree,a05e76e962d438545a5a48c967cd2b1229ebc951a9a4a6d4d7ecad4379f0f1ca,,ADDRESS,address-text,,,
tree,a05e76e962d438545a5a48c967cd2b1229ebc951a9a4a6d4d7ecad4379f0f1ca,,Species,tree-species,,,
tree,0cfd31d51f6c7f8970b87a59b295083e383661d48ec12ea3ff5f652498b9b867,,WKT,geometry,,,
tree-preservation-order,ff199b1dc647436cb33b44f767c27b282ac993f2c0b8b8e9e5158774d1d5824a,,confrimed_date,confirmed-date,,,
tree-preservation-order,ff199b1dc647436cb33b44f767c27b282ac993f2c0b8b8e9e5158774d1d5824a,,confrimed_date,confirmed-date,,,
tree,c4e4b10ec88156ebc3c47565a192ec736e6da47b5a6f4153ae56f18ff1aa0368,,WKT,geometry,,,
tree,422e2a9f2fb1d809d8849e05556aa7c232060673c1cc51d84bcf9bb586d5de52,,WKT,geometry,,,
tree,422e2a9f2fb1d809d8849e05556aa7c232060673c1cc51d84bcf9bb586d5de52,,tree_preservation_zone_type,tree-preservation-order-tree,,,
tree,921954ef5241801cd3c199ace4f9e551e6214ab34ff66d3c58a561c4f2bc79f0,,ADDRESS,address-text,,,
tree,921954ef5241801cd3c199ace4f9e551e6214ab34ff66d3c58a561c4f2bc79f0,,DATEREM,end-date,,,
tree,921954ef5241801cd3c199ace4f9e551e6214ab34ff66d3c58a561c4f2bc79f0,,DATE_CREAT,start-date,,,
tree,921954ef5241801cd3c199ace4f9e551e6214ab34ff66d3c58a561c4f2bc79f0,,DATE_MODIF,entry-date,,,
tree,921954ef5241801cd3c199ace4f9e551e6214ab34ff66d3c58a561c4f2bc79f0,,DESCRIPT,name,,,
tree,921954ef5241801cd3c199ace4f9e551e6214ab34ff66d3c58a561c4f2bc79f0,,KEYVAL,reference,,,
tree,921954ef5241801cd3c199ace4f9e551e6214ab34ff66d3c58a561c4f2bc79f0,,REFVAL,tree-preservation-order,,,
tree,921954ef5241801cd3c199ace4f9e551e6214ab34ff66d3c58a561c4f2bc79f0,,ADDRESS,address-text,,,
tree,921954ef5241801cd3c199ace4f9e551e6214ab34ff66d3c58a561c4f2bc79f0,,DATEREM,end-date,,,
tree,921954ef5241801cd3c199ace4f9e551e6214ab34ff66d3c58a561c4f2bc79f0,,DATE_CREAT,start-date,,,
tree,921954ef5241801cd3c199ace4f9e551e6214ab34ff66d3c58a561c4f2bc79f0,,DATE_MODIF,entry-date,,,
tree,921954ef5241801cd3c199ace4f9e551e6214ab34ff66d3c58a561c4f2bc79f0,,DESCRIPT,name,,,
tree,921954ef5241801cd3c199ace4f9e551e6214ab34ff66d3c58a561c4f2bc79f0,,KEYVAL,reference,,,
tree,921954ef5241801cd3c199ace4f9e551e6214ab34ff66d3c58a561c4f2bc79f0,,REFVAL,tree-preservation-order,,,
tree-preservation-order,3aeef0b2fb0bb0c85a25bd4491b3c56f70924d6a8ae9d9e22764885965a2b4c7,,name,IGNORE,,,
tree-preservation-order,3aeef0b2fb0bb0c85a25bd4491b3c56f70924d6a8ae9d9e22764885965a2b4c7,,description,IGNORE,,,
tree-preservation-order,3aeef0b2fb0bb0c85a25bd4491b3c56f70924d6a8ae9d9e22764885965a2b4c7,,GIS_REF,reference,,,
tree-preservation-order,3aeef0b2fb0bb0c85a25bd4491b3c56f70924d6a8ae9d9e22764885965a2b4c7,,ADDRESS,address-text,,,
tree-preservation-order,3aeef0b2fb0bb0c85a25bd4491b3c56f70924d6a8ae9d9e22764885965a2b4c7,,DATE185,start-date,,,
tree-preservation-zone,3aeef0b2fb0bb0c85a25bd4491b3c56f70924d6a8ae9d9e22764885965a2b4c7,,GIS_REF,reference,,,
tree-preservation-zone,3aeef0b2fb0bb0c85a25bd4491b3c56f70924d6a8ae9d9e22764885965a2b4c7,,name,IGNORE,,,
tree-preservation-zone,3aeef0b2fb0bb0c85a25bd4491b3c56f70924d6a8ae9d9e22764885965a2b4c7,,description,IGNORE,,,
tree-preservation-zone,3aeef0b2fb0bb0c85a25bd4491b3c56f70924d6a8ae9d9e22764885965a2b4c7,,ADDRESS,address-text,,,
tree-preservation-zone,3aeef0b2fb0bb0c85a25bd4491b3c56f70924d6a8ae9d9e22764885965a2b4c7,,DATE185,start-date,,,
tree-preservation-zone,3aeef0b2fb0bb0c85a25bd4491b3c56f70924d6a8ae9d9e22764885965a2b4c7,,SPECIES,tree-species-list,,,
tree-preservation-order,f8d5163c023f27f599fee22535f5959e52f18313755fcb3243c78577985cda2d,,LEGISLATION,legislation,,,
tree-preservation-order,f8d5163c023f27f599fee22535f5959e52f18313755fcb3243c78577985cda2d,,ORDER_MADE,start-date,,,
tree-preservation-order,f8d5163c023f27f599fee22535f5959e52f18313755fcb3243c78577985cda2d,,TPO_NO,reference,,,
tree,f8d5163c023f27f599fee22535f5959e52f18313755fcb3243c78577985cda2d,,ADDRESS,address-text,,,
tree,f8d5163c023f27f599fee22535f5959e52f18313755fcb3243c78577985cda2d,,CODE,reference,,,
tree,f8d5163c023f27f599fee22535f5959e52f18313755fcb3243c78577985cda2d,,SPEC_NAME,tree-species,,,
tree,f8d5163c023f27f599fee22535f5959e52f18313755fcb3243c78577985cda2d,,TPO_NO,tree-preservation-order,,,
tree,f8d5163c023f27f599fee22535f5959e52f18313755fcb3243c78577985cda2d,,TREE_NO,tree-preservation-order-tree,,,
tree,f8d5163c023f27f599fee22535f5959e52f18313755fcb3243c78577985cda2d,,UPRN_1,address,,,
tree,124dc88d5839fa63b5802abe2847e3bf959b3052a3dcd126f362f78e5342df33,,OBJECTID,reference,,,
tree,124dc88d5839fa63b5802abe2847e3bf959b3052a3dcd126f362f78e5342df33,,DESCRIPT,name,,,
tree,124dc88d5839fa63b5802abe2847e3bf959b3052a3dcd126f362f78e5342df33,,REFVAL,tree-preservation-order,,,
tree,124dc88d5839fa63b5802abe2847e3bf959b3052a3dcd126f362f78e5342df33,,ADDRESS,address-text,,,
tree,124dc88d5839fa63b5802abe2847e3bf959b3052a3dcd126f362f78e5342df33,,DATE_CREATED,start-date,,,
tree,124dc88d5839fa63b5802abe2847e3bf959b3052a3dcd126f362f78e5342df33,,DATE_CLOSED,end-date,,,
tree,124dc88d5839fa63b5802abe2847e3bf959b3052a3dcd126f362f78e5342df33,,DATE_MODIFIED,entry-date,,,
tree-preservation-order,d551675f1579af9e69e105e9fe8f33fc4160dd8004fd6975863480e0d16b6337,,tporef,reference,,,
tree-preservation-order,d551675f1579af9e69e105e9fe8f33fc4160dd8004fd6975863480e0d16b6337,,tponame,name,,,
tree-preservation-order,d551675f1579af9e69e105e9fe8f33fc4160dd8004fd6975863480e0d16b6337,,location,address-text,,,
tree-preservation-order,d551675f1579af9e69e105e9fe8f33fc4160dd8004fd6975863480e0d16b6337,,served,start-date,,,
tree-preservation-zone,d551675f1579af9e69e105e9fe8f33fc4160dd8004fd6975863480e0d16b6337,,location,name,,,
tree-preservation-zone,d551675f1579af9e69e105e9fe8f33fc4160dd8004fd6975863480e0d16b6337,,made_date,start-date,,,
tree-preservation-zone,d551675f1579af9e69e105e9fe8f33fc4160dd8004fd6975863480e0d16b6337,,species,tree-species-list,,,
tree-preservation-zone,d551675f1579af9e69e105e9fe8f33fc4160dd8004fd6975863480e0d16b6337,,tpotreeref,reference,,,
tree-preservation-zone,d551675f1579af9e69e105e9fe8f33fc4160dd8004fd6975863480e0d16b6337,,tporef,tree-preservation-order,,,
tree-preservation-zone,d551675f1579af9e69e105e9fe8f33fc4160dd8004fd6975863480e0d16b6337,,tpo_type,tree-preservation-zone-type,,,
tree-preservation-zone,d551675f1579af9e69e105e9fe8f33fc4160dd8004fd6975863480e0d16b6337,,varied_dat,entry-date,,,
tree-preservation-order,41fc6aaaf2059002dfe1401841e88a56278f580c6c425683f5fba935b339bdcd,,Description,notes,,,
tree-preservation-order,41fc6aaaf2059002dfe1401841e88a56278f580c6c425683f5fba935b339bdcd,,Location,address-text,,,
tree-preservation-order,41fc6aaaf2059002dfe1401841e88a56278f580c6c425683f5fba935b339bdcd,,TPO,reference,,,
tree-preservation-zone,41fc6aaaf2059002dfe1401841e88a56278f580c6c425683f5fba935b339bdcd,,location,name,,,
tree-preservation-zone,41fc6aaaf2059002dfe1401841e88a56278f580c6c425683f5fba935b339bdcd,,tpo,tree-preservation-order,,,
tree-preservation-zone,d372312e02ee78347fac7531b43839c4eb3e3247b0b03461a8803a004002bd59,,ADDRESS,address-text,,,
tree-preservation-zone,d372312e02ee78347fac7531b43839c4eb3e3247b0b03461a8803a004002bd59,,DATE_CREAT,start-date,,,
tree-preservation-zone,d372312e02ee78347fac7531b43839c4eb3e3247b0b03461a8803a004002bd59,,DATE_MODIF,entry-date,,,
tree-preservation-zone,d372312e02ee78347fac7531b43839c4eb3e3247b0b03461a8803a004002bd59,,DESCRIPT,name,,,
tree-preservation-zone,d372312e02ee78347fac7531b43839c4eb3e3247b0b03461a8803a004002bd59,,KEYVAL,reference,,,
tree-preservation-zone,d372312e02ee78347fac7531b43839c4eb3e3247b0b03461a8803a004002bd59,,REFVAL,tree-preservation-order,,,
tree-preservation-order,b7c82241d5ad27c0f92cb464dca91aea2461802b345fe3e9df55e844f4dc477e,,Location,address-text,,,
tree-preservation-order,b7c82241d5ad27c0f92cb464dca91aea2461802b345fe3e9df55e844f4dc477e,,Made_date,start-date,,,
tree-preservation-order,b7c82241d5ad27c0f92cb464dca91aea2461802b345fe3e9df55e844f4dc477e,,Species,tree-species-list,,,
tree-preservation-order,b7c82241d5ad27c0f92cb464dca91aea2461802b345fe3e9df55e844f4dc477e,,TPO_docume,document-url,,,
tree-preservation-order,b7c82241d5ad27c0f92cb464dca91aea2461802b345fe3e9df55e844f4dc477e,,TPO_number,reference,,,
tree-preservation-order,b7c82241d5ad27c0f92cb464dca91aea2461802b345fe3e9df55e844f4dc477e,,TPO_type,tree-preservation-zone-type,,,
tree-preservation-order,b7c82241d5ad27c0f92cb464dca91aea2461802b345fe3e9df55e844f4dc477e,,Varied_dat,entry-date,,,
tree-preservation-zone,b7c82241d5ad27c0f92cb464dca91aea2461802b345fe3e9df55e844f4dc477e,,location,name,,,
tree-preservation-zone,b7c82241d5ad27c0f92cb464dca91aea2461802b345fe3e9df55e844f4dc477e,,made_date,start-date,,,
tree-preservation-zone,b7c82241d5ad27c0f92cb464dca91aea2461802b345fe3e9df55e844f4dc477e,,species,tree-species-list,,,
tree-preservation-zone,b7c82241d5ad27c0f92cb464dca91aea2461802b345fe3e9df55e844f4dc477e,,tpo_number,tree-preservation-order,,,
tree-preservation-zone,b7c82241d5ad27c0f92cb464dca91aea2461802b345fe3e9df55e844f4dc477e,,tpo_type,tree-preservation-zone-type,,,
tree-preservation-zone,b7c82241d5ad27c0f92cb464dca91aea2461802b345fe3e9df55e844f4dc477e,,varied_dat,entry-date,,,
tree-preservation-order,810751d8f4697034343d69ea0b5f365362089c9d2c083a63d6a3815b17b2a44b,,Location,address-text,,,
tree-preservation-order,810751d8f4697034343d69ea0b5f365362089c9d2c083a63d6a3815b17b2a44b,,Made_date,start-date,,,
tree-preservation-order,810751d8f4697034343d69ea0b5f365362089c9d2c083a63d6a3815b17b2a44b,,Species,tree-species-list,,,
tree-preservation-order,810751d8f4697034343d69ea0b5f365362089c9d2c083a63d6a3815b17b2a44b,,TPO_docume,document-url,,,
tree-preservation-order,810751d8f4697034343d69ea0b5f365362089c9d2c083a63d6a3815b17b2a44b,,TPO_number,reference,,,
tree-preservation-order,810751d8f4697034343d69ea0b5f365362089c9d2c083a63d6a3815b17b2a44b,,TPO_type,tree-preservation-zone-type,,,
tree-preservation-order,810751d8f4697034343d69ea0b5f365362089c9d2c083a63d6a3815b17b2a44b,,Varied_dat,entry-date,,,
tree-preservation-zone,810751d8f4697034343d69ea0b5f365362089c9d2c083a63d6a3815b17b2a44b,,location,name,,,
tree-preservation-zone,810751d8f4697034343d69ea0b5f365362089c9d2c083a63d6a3815b17b2a44b,,made_date,start-date,,,
tree-preservation-zone,810751d8f4697034343d69ea0b5f365362089c9d2c083a63d6a3815b17b2a44b,,species,tree-species-list,,,
tree-preservation-zone,810751d8f4697034343d69ea0b5f365362089c9d2c083a63d6a3815b17b2a44b,,tpo_number,tree-preservation-order,,,
tree-preservation-zone,810751d8f4697034343d69ea0b5f365362089c9d2c083a63d6a3815b17b2a44b,,tpo_type,tree-preservation-zone-type,,,
tree-preservation-zone,810751d8f4697034343d69ea0b5f365362089c9d2c083a63d6a3815b17b2a44b,,varied_dat,entry-date,,,
tree-preservation-order,3aeef0b2fb0bb0c85a25bd4491b3c56f70924d6a8ae9d9e22764885965a2b4c7,,name,IGNORE,,,
tree-preservation-order,3aeef0b2fb0bb0c85a25bd4491b3c56f70924d6a8ae9d9e22764885965a2b4c7,,description,IGNORE,,,
tree-preservation-order,3aeef0b2fb0bb0c85a25bd4491b3c56f70924d6a8ae9d9e22764885965a2b4c7,,GIS_REF,reference,,,
tree-preservation-order,3aeef0b2fb0bb0c85a25bd4491b3c56f70924d6a8ae9d9e22764885965a2b4c7,,ADDRESS,address-text,,,
tree-preservation-order,3aeef0b2fb0bb0c85a25bd4491b3c56f70924d6a8ae9d9e22764885965a2b4c7,,DATE185,start-date,,,
tree-preservation-zone,3aeef0b2fb0bb0c85a25bd4491b3c56f70924d6a8ae9d9e22764885965a2b4c7,,GIS_REF,reference,,,
tree-preservation-zone,3aeef0b2fb0bb0c85a25bd4491b3c56f70924d6a8ae9d9e22764885965a2b4c7,,name,IGNORE,,,
tree-preservation-zone,3aeef0b2fb0bb0c85a25bd4491b3c56f70924d6a8ae9d9e22764885965a2b4c7,,description,IGNORE,,,
tree-preservation-zone,3aeef0b2fb0bb0c85a25bd4491b3c56f70924d6a8ae9d9e22764885965a2b4c7,,ADDRESS,address-text,,,
tree-preservation-zone,3aeef0b2fb0bb0c85a25bd4491b3c56f70924d6a8ae9d9e22764885965a2b4c7,,DATE185,start-date,,,
tree-preservation-zone,3aeef0b2fb0bb0c85a25bd4491b3c56f70924d6a8ae9d9e22764885965a2b4c7,,SPECIES,tree-species-list,,,
tree-preservation-order,41fc6aaaf2059002dfe1401841e88a56278f580c6c425683f5fba935b339bdcd,,Description,notes,,,
tree-preservation-order,41fc6aaaf2059002dfe1401841e88a56278f580c6c425683f5fba935b339bdcd,,Location,address-text,,,
tree-preservation-order,41fc6aaaf2059002dfe1401841e88a56278f580c6c425683f5fba935b339bdcd,,TPO,reference,,,
tree-preservation-zone,41fc6aaaf2059002dfe1401841e88a56278f580c6c425683f5fba935b339bdcd,,location,name,,,
tree-preservation-zone,41fc6aaaf2059002dfe1401841e88a56278f580c6c425683f5fba935b339bdcd,,tpo,tree-preservation-order,,,
tree-preservation-order,41fc6aaaf2059002dfe1401841e88a56278f580c6c425683f5fba935b339bdcd,,Description,notes,,,
tree-preservation-order,41fc6aaaf2059002dfe1401841e88a56278f580c6c425683f5fba935b339bdcd,,Location,address-text,,,
tree-preservation-order,41fc6aaaf2059002dfe1401841e88a56278f580c6c425683f5fba935b339bdcd,,TPO,reference,,,
tree-preservation-zone,41fc6aaaf2059002dfe1401841e88a56278f580c6c425683f5fba935b339bdcd,,location,name,,,
tree-preservation-zone,41fc6aaaf2059002dfe1401841e88a56278f580c6c425683f5fba935b339bdcd,,tpo,tree-preservation-order,,,
tree,921954ef5241801cd3c199ace4f9e551e6214ab34ff66d3c58a561c4f2bc79f0,,ADDRESS,address-text,,,
tree,921954ef5241801cd3c199ace4f9e551e6214ab34ff66d3c58a561c4f2bc79f0,,DATEREM,end-date,,,
tree,921954ef5241801cd3c199ace4f9e551e6214ab34ff66d3c58a561c4f2bc79f0,,DATE_CREAT,start-date,,,
tree,921954ef5241801cd3c199ace4f9e551e6214ab34ff66d3c58a561c4f2bc79f0,,DATE_MODIF,entry-date,,,
tree,921954ef5241801cd3c199ace4f9e551e6214ab34ff66d3c58a561c4f2bc79f0,,DESCRIPT,name,,,
tree,921954ef5241801cd3c199ace4f9e551e6214ab34ff66d3c58a561c4f2bc79f0,,KEYVAL,reference,,,
tree,921954ef5241801cd3c199ace4f9e551e6214ab34ff66d3c58a561c4f2bc79f0,,REFVAL,tree-preservation-order,,,
tree,921954ef5241801cd3c199ace4f9e551e6214ab34ff66d3c58a561c4f2bc79f0,,ADDRESS,address-text,,,
tree,921954ef5241801cd3c199ace4f9e551e6214ab34ff66d3c58a561c4f2bc79f0,,DATEREM,end-date,,,
tree,921954ef5241801cd3c199ace4f9e551e6214ab34ff66d3c58a561c4f2bc79f0,,DATE_CREAT,start-date,,,
tree,921954ef5241801cd3c199ace4f9e551e6214ab34ff66d3c58a561c4f2bc79f0,,DATE_MODIF,entry-date,,,
tree,921954ef5241801cd3c199ace4f9e551e6214ab34ff66d3c58a561c4f2bc79f0,,DESCRIPT,name,,,
tree,921954ef5241801cd3c199ace4f9e551e6214ab34ff66d3c58a561c4f2bc79f0,,KEYVAL,reference,,,
tree,921954ef5241801cd3c199ace4f9e551e6214ab34ff66d3c58a561c4f2bc79f0,,REFVAL,tree-preservation-order,,,
tree-preservation-order,f8d5163c023f27f599fee22535f5959e52f18313755fcb3243c78577985cda2d,,LEGISLATION,legislation,,,
tree-preservation-order,f8d5163c023f27f599fee22535f5959e52f18313755fcb3243c78577985cda2d,,ORDER_MADE,start-date,,,
tree-preservation-order,f8d5163c023f27f599fee22535f5959e52f18313755fcb3243c78577985cda2d,,TPO_NO,reference,,,
tree,f8d5163c023f27f599fee22535f5959e52f18313755fcb3243c78577985cda2d,,ADDRESS,address-text,,,
tree,f8d5163c023f27f599fee22535f5959e52f18313755fcb3243c78577985cda2d,,CODE,reference,,,
tree,f8d5163c023f27f599fee22535f5959e52f18313755fcb3243c78577985cda2d,,SPEC_NAME,tree-species,,,
tree,f8d5163c023f27f599fee22535f5959e52f18313755fcb3243c78577985cda2d,,TPO_NO,tree-preservation-order,,,
tree,f8d5163c023f27f599fee22535f5959e52f18313755fcb3243c78577985cda2d,,TREE_NO,tree-preservation-order-tree,,,
tree,f8d5163c023f27f599fee22535f5959e52f18313755fcb3243c78577985cda2d,,UPRN_1,address,,,
tree-preservation-zone,588e4f0dfb29a0181a302b8c9785abb24d881ae8cab1226914bb5896813c5ac4,,OBJECTID,reference,,,
tree-preservation-zone,588e4f0dfb29a0181a302b8c9785abb24d881ae8cab1226914bb5896813c5ac4,,DESCRIPT,name,,,
tree-preservation-zone,588e4f0dfb29a0181a302b8c9785abb24d881ae8cab1226914bb5896813c5ac4,,REFVAL,tree-preservation-order,,,
tree-preservation-zone,588e4f0dfb29a0181a302b8c9785abb24d881ae8cab1226914bb5896813c5ac4,,TPTREECAT,tree-preservation-zone-type,,,
tree-preservation-zone,588e4f0dfb29a0181a302b8c9785abb24d881ae8cab1226914bb5896813c5ac4,,DATE_CREATED,start-date,,,
tree-preservation-zone,588e4f0dfb29a0181a302b8c9785abb24d881ae8cab1226914bb5896813c5ac4,,DATE_CLOSED,end-date,,,
tree-preservation-zone,588e4f0dfb29a0181a302b8c9785abb24d881ae8cab1226914bb5896813c5ac4,,DATE_MODIFIED,entry-date,,,
tree-preservation-order,f8d5163c023f27f599fee22535f5959e52f18313755fcb3243c78577985cda2d,,LEGISLATION,legislation,,,
tree-preservation-order,f8d5163c023f27f599fee22535f5959e52f18313755fcb3243c78577985cda2d,,ORDER_MADE,start-date,,,
tree-preservation-order,f8d5163c023f27f599fee22535f5959e52f18313755fcb3243c78577985cda2d,,TPO_NO,reference,,,
tree,f8d5163c023f27f599fee22535f5959e52f18313755fcb3243c78577985cda2d,,ADDRESS,address-text,,,
tree,f8d5163c023f27f599fee22535f5959e52f18313755fcb3243c78577985cda2d,,CODE,reference,,,
tree,f8d5163c023f27f599fee22535f5959e52f18313755fcb3243c78577985cda2d,,SPEC_NAME,tree-species,,,
tree,f8d5163c023f27f599fee22535f5959e52f18313755fcb3243c78577985cda2d,,TPO_NO,tree-preservation-order,,,
tree,f8d5163c023f27f599fee22535f5959e52f18313755fcb3243c78577985cda2d,,TREE_NO,tree-preservation-order-tree,,,
tree,f8d5163c023f27f599fee22535f5959e52f18313755fcb3243c78577985cda2d,,UPRN_1,address,,,
tree,f8d5163c023f27f599fee22535f5959e52f18313755fcb3243c78577985cda2d,,ADDRESS,address-text,,,
tree,f8d5163c023f27f599fee22535f5959e52f18313755fcb3243c78577985cda2d,,CODE,reference,,,
tree,f8d5163c023f27f599fee22535f5959e52f18313755fcb3243c78577985cda2d,,SPEC_NAME,tree-species,,,
tree,f8d5163c023f27f599fee22535f5959e52f18313755fcb3243c78577985cda2d,,TPO_NO,tree-preservation-order,,,
tree,f8d5163c023f27f599fee22535f5959e52f18313755fcb3243c78577985cda2d,,TREE_NO,tree-preservation-order-tree,,,
tree,f8d5163c023f27f599fee22535f5959e52f18313755fcb3243c78577985cda2d,,UPRN_1,address,,,
tree-preservation-zone,76a55253fac858f0ed7daf595191cbbc37f7493f35b38e6bd9eef637579be3e1,,KEYVAL,reference,,,
tree-preservation-zone,76a55253fac858f0ed7daf595191cbbc37f7493f35b38e6bd9eef637579be3e1,,ORDERREF,tree-preservation-order,,,
tree-preservation-zone,76a55253fac858f0ed7daf595191cbbc37f7493f35b38e6bd9eef637579be3e1,,ORDERYEAR,start-date,,,
tree-preservation-zone,76a55253fac858f0ed7daf595191cbbc37f7493f35b38e6bd9eef637579be3e1,,TREETYPE,notes,,,
tree-preservation-zone,76a55253fac858f0ed7daf595191cbbc37f7493f35b38e6bd9eef637579be3e1,,KEYVAL,reference,,,
tree-preservation-zone,76a55253fac858f0ed7daf595191cbbc37f7493f35b38e6bd9eef637579be3e1,,ORDERREF,tree-preservation-order,,,
tree-preservation-zone,76a55253fac858f0ed7daf595191cbbc37f7493f35b38e6bd9eef637579be3e1,,ORDERYEAR,start-date,,,
tree-preservation-zone,76a55253fac858f0ed7daf595191cbbc37f7493f35b38e6bd9eef637579be3e1,,TREETYPE,notes,,,
tree-preservation-zone,504c4c95f0386ed91bb3e2e4bbc801f6cc9a3e5d48ef5942e650de7bc90990e4,,OBJECTID,reference,,,
tree-preservation-zone,504c4c95f0386ed91bb3e2e4bbc801f6cc9a3e5d48ef5942e650de7bc90990e4,,species_1_name,tree-species-list,,,
tree-preservation-zone,504c4c95f0386ed91bb3e2e4bbc801f6cc9a3e5d48ef5942e650de7bc90990e4,,tpo_number,tree-preservation-order,,,
tree-preservation-zone,504c4c95f0386ed91bb3e2e4bbc801f6cc9a3e5d48ef5942e650de7bc90990e4,,uprn,address,,,
tree-preservation-order,9303b2ab116396afad0e4b9f9c827ae2993fa8cc355398eb164e6b4081cfbc5c,,Location,address-text,,,
tree-preservation-order,9303b2ab116396afad0e4b9f9c827ae2993fa8cc355398eb164e6b4081cfbc5c,,Made_date,start-date,,,
tree-preservation-order,9303b2ab116396afad0e4b9f9c827ae2993fa8cc355398eb164e6b4081cfbc5c,,Species,tree-species-list,,,
tree-preservation-order,9303b2ab116396afad0e4b9f9c827ae2993fa8cc355398eb164e6b4081cfbc5c,,TPO_docume,document-url,,,
tree-preservation-order,9303b2ab116396afad0e4b9f9c827ae2993fa8cc355398eb164e6b4081cfbc5c,,TPO_number,reference,,,
tree-preservation-order,9303b2ab116396afad0e4b9f9c827ae2993fa8cc355398eb164e6b4081cfbc5c,,TPO_type,tree-preservation-zone-type,,,
tree-preservation-order,9303b2ab116396afad0e4b9f9c827ae2993fa8cc355398eb164e6b4081cfbc5c,,Varied_dat,entry-date,,,
tree-preservation-zone,9303b2ab116396afad0e4b9f9c827ae2993fa8cc355398eb164e6b4081cfbc5c,,location,name,,,
tree-preservation-zone,9303b2ab116396afad0e4b9f9c827ae2993fa8cc355398eb164e6b4081cfbc5c,,made_date,start-date,,,
tree-preservation-zone,9303b2ab116396afad0e4b9f9c827ae2993fa8cc355398eb164e6b4081cfbc5c,,species,tree-species-list,,,
tree-preservation-zone,9303b2ab116396afad0e4b9f9c827ae2993fa8cc355398eb164e6b4081cfbc5c,,tpo_number,tree-preservation-order,,,
tree-preservation-zone,9303b2ab116396afad0e4b9f9c827ae2993fa8cc355398eb164e6b4081cfbc5c,,tpo_type,tree-preservation-zone-type,,,
tree-preservation-zone,9303b2ab116396afad0e4b9f9c827ae2993fa8cc355398eb164e6b4081cfbc5c,,varied_dat,entry-date,,,
tree-preservation-zone,8bc18771f033d26e6b4c8dd6032cdd576e4b8a8e801a83813626bf9311e7e32a,,DATE_OF_OR,start-date,,,
tree-preservation-zone,8bc18771f033d26e6b4c8dd6032cdd576e4b8a8e801a83813626bf9311e7e32a,,DETAILS_OF,notes,,,
tree-preservation-zone,8bc18771f033d26e6b4c8dd6032cdd576e4b8a8e801a83813626bf9311e7e32a,,EXPIRY_DAT,end-date,,,
tree-preservation-zone,8bc18771f033d26e6b4c8dd6032cdd576e4b8a8e801a83813626bf9311e7e32a,,INT_ID,reference,,,
tree-preservation-zone,8bc18771f033d26e6b4c8dd6032cdd576e4b8a8e801a83813626bf9311e7e32a,,ORDER_NO,tree-preservation-order,,,
tree-preservation-zone,	504c4c95f0386ed91bb3e2e4bbc801f6cc9a3e5d48ef5942e650de7bc90990e4,,OBJECTID,reference,,,
tree-preservation-zone,	504c4c95f0386ed91bb3e2e4bbc801f6cc9a3e5d48ef5942e650de7bc90990e4,,species_1_name,tree-species-list,,,
tree-preservation-zone,	504c4c95f0386ed91bb3e2e4bbc801f6cc9a3e5d48ef5942e650de7bc90990e4,,tpo_number,tree-preservation-order,,,
tree-preservation-zone,	504c4c95f0386ed91bb3e2e4bbc801f6cc9a3e5d48ef5942e650de7bc90990e4,,uprn,address,,,
tree-preservation-order,41fc6aaaf2059002dfe1401841e88a56278f580c6c425683f5fba935b339bdcd,,Description,notes,,,
tree-preservation-order,41fc6aaaf2059002dfe1401841e88a56278f580c6c425683f5fba935b339bdcd,,Location,address-text,,,
tree-preservation-order,41fc6aaaf2059002dfe1401841e88a56278f580c6c425683f5fba935b339bdcd,,TPO,reference,,,
tree-preservation-zone,41fc6aaaf2059002dfe1401841e88a56278f580c6c425683f5fba935b339bdcd,,location,name,,,
tree-preservation-zone,41fc6aaaf2059002dfe1401841e88a56278f580c6c425683f5fba935b339bdcd,,tpo,tree-preservation-order,,,
tree-preservation-order,84f6228e842a4a410c41ada01dcb50eb5e8a5a8f8299efe35ac24817698c8c75,,tporef,reference,,,
tree-preservation-order,84f6228e842a4a410c41ada01dcb50eb5e8a5a8f8299efe35ac24817698c8c75,,tponame,name,,,
tree-preservation-order,84f6228e842a4a410c41ada01dcb50eb5e8a5a8f8299efe35ac24817698c8c75,,location,address-text,,,
tree-preservation-order,84f6228e842a4a410c41ada01dcb50eb5e8a5a8f8299efe35ac24817698c8c75,,served,start-date,,,
tree,84f6228e842a4a410c41ada01dcb50eb5e8a5a8f8299efe35ac24817698c8c75,,tporef,tree-preservation-order,,,
tree,84f6228e842a4a410c41ada01dcb50eb5e8a5a8f8299efe35ac24817698c8c75,,tpotreeref,reference,,,
tree,84f6228e842a4a410c41ada01dcb50eb5e8a5a8f8299efe35ac24817698c8c75,,treeref,name,,,
tree,84f6228e842a4a410c41ada01dcb50eb5e8a5a8f8299efe35ac24817698c8c75,,served,start-date,,,
tree,84f6228e842a4a410c41ada01dcb50eb5e8a5a8f8299efe35ac24817698c8c75,,treedesc,description,,,
tree-preservation-order,b40560f8bae3605c599de6cdd59271c4b218c305134fd32586e20a681c183f74,,Location,address-text,,,
tree-preservation-order,b40560f8bae3605c599de6cdd59271c4b218c305134fd32586e20a681c183f74,,Made_date,start-date,,,
tree-preservation-order,b40560f8bae3605c599de6cdd59271c4b218c305134fd32586e20a681c183f74,,Species,tree-species-list,,,
tree-preservation-order,b40560f8bae3605c599de6cdd59271c4b218c305134fd32586e20a681c183f74,,TPO_docume,document-url,,,
tree-preservation-order,b40560f8bae3605c599de6cdd59271c4b218c305134fd32586e20a681c183f74,,TPO_number,reference,,,
tree-preservation-order,b40560f8bae3605c599de6cdd59271c4b218c305134fd32586e20a681c183f74,,TPO_type,tree-preservation-zone-type,,,
tree-preservation-order,b40560f8bae3605c599de6cdd59271c4b218c305134fd32586e20a681c183f74,,Varied_dat,entry-date,,,
tree,892c998c0191108ffddcbd08a424a33cc90cdf78b8693f98c2c44a64831c4f02,,tree_preservation_zone_type,tree-preservation-order-tree,,,
tree,599237e24ea953f431090df305657e05d78d64e6e33adc00d907706676c46f4d,,fid,reference,,,
tree,599237e24ea953f431090df305657e05d78d64e6e33adc00d907706676c46f4d,,descript,name,,,
tree,599237e24ea953f431090df305657e05d78d64e6e33adc00d907706676c46f4d,,tree-preservation-order,tree-preservation-order,,,
tree-preservation-zone,a7ef5696e5bf4f93041aad697819d972f9cce2687890a7af19090c49c3ba4570,,fid,reference,,,
tree-preservation-zone,a7ef5696e5bf4f93041aad697819d972f9cce2687890a7af19090c49c3ba4570,,descript,name,,,
tree-preservation-zone,a7ef5696e5bf4f93041aad697819d972f9cce2687890a7af19090c49c3ba4570,,tree-preservation-order,tree-preservation-order,,,
tree,892c998c0191108ffddcbd08a424a33cc90cdf78b8693f98c2c44a64831c4f02,,WKT,geometry,,,
tree,e89653123a38ddddfd70d71589c15d28ba2444ccefd5d7903e71ec762f2b4bd3,,WKT,geometry,,,
tree,74cb4c8a3ff8574c9bf438f492acddd078eac1f6da347fcd95dd1514ee086926,,KEYVAL,reference,,,
tree-preservation-order,45d990e6122b78c0b4193f2df7099a1e2da7bdb03a55a52d268af83d4c23f19e,,KEYVAL,reference,,,
tree-preservation-order,45d990e6122b78c0b4193f2df7099a1e2da7bdb03a55a52d268af83d4c23f19e,,DATE_MODIFIED,entry-date,,,
tree-preservation-order,45d990e6122b78c0b4193f2df7099a1e2da7bdb03a55a52d268af83d4c23f19e,,DATE_CREATED,start-date,,,
tree-preservation-order,45d990e6122b78c0b4193f2df7099a1e2da7bdb03a55a52d268af83d4c23f19e,,X,GeoX,,,
tree-preservation-order,45d990e6122b78c0b4193f2df7099a1e2da7bdb03a55a52d268af83d4c23f19e,,Y,GeoY,,,
tree-preservation-order,314ce9104c6e495d89317de2085d2bcbac1abe54e9f7cb068f35be8171eaa80b,,INT_ID,reference,,,
tree-preservation-order,d6abdbc3123bc4b60ee9d34ab1ec52dda34d67e6260802df6a944a5f7d09352b,,TREE_PRESERVATION_ORDER,reference,,,
tree-preservation-order,d6abdbc3123bc4b60ee9d34ab1ec52dda34d67e6260802df6a944a5f7d09352b,,Documentation_URL,IGNORE,,,
tree,d6abdbc3123bc4b60ee9d34ab1ec52dda34d67e6260802df6a944a5f7d09352b,,WKT,geometry,,,
tree,d6abdbc3123bc4b60ee9d34ab1ec52dda34d67e6260802df6a944a5f7d09352b,,TREE_PRESERVATION_ZONE_TYPE,tree-preservation-order-tree,,,
tree,921cc67b0a42e501137e3a4cb112b281dece73502ba7428e5d26d622052f2a22,,WKT,geometry,,,
tree-preservation-order,,,organisation,IGNORE,,,
tree-preservation-zone,,,organisation,IGNORE,,,
tree,,,organisation,IGNORE,,,
tree,0c83c1c9572e704f3d51c4a5dd5f950c5aa0e9ecf7353a009b03575beecf5a47,,tree-preservation-zone-type,tree-preservation-order-tree,,,
tree-preservation-order,a215cd87ddc71f2c176fd566ac6885034368766a51389efecf48f9bb635080f5,,OBJECTID,reference,,,
tree,eaceade72cd00741743fba9921fb2ef764ed3363f882f420904cb96d20c44106,,Tree_Address,address-text,,,
tree-preservation-zone,314ce9104c6e495d89317de2085d2bcbac1abe54e9f7cb068f35be8171eaa80b,,INT_ID,reference,,,
tree-preservation-zone,45d990e6122b78c0b4193f2df7099a1e2da7bdb03a55a52d268af83d4c23f19e,,KEYVAL,reference,,,
tree-preservation-zone,45d990e6122b78c0b4193f2df7099a1e2da7bdb03a55a52d268af83d4c23f19e,,ADDRESS,address-text,,,
tree-preservation-zone,45d990e6122b78c0b4193f2df7099a1e2da7bdb03a55a52d268af83d4c23f19e,,DATE_CREATED,start-date,,,
tree-preservation-zone,45d990e6122b78c0b4193f2df7099a1e2da7bdb03a55a52d268af83d4c23f19e,,DATE_MODIFIED,entry-date,,,
tree-preservation-zone,45d990e6122b78c0b4193f2df7099a1e2da7bdb03a55a52d268af83d4c23f19e,,DESCRIPT,name,,,
tree-preservation-zone,45d990e6122b78c0b4193f2df7099a1e2da7bdb03a55a52d268af83d4c23f19e,,REFVAL,tree-preservation-order,,,
tree,3237276c4ae0e3dae446205a7b917485ce23c196203d80bf30c8cb186e67c8f3,,ORDERREF,reference,,,
tree,3237276c4ae0e3dae446205a7b917485ce23c196203d80bf30c8cb186e67c8f3,,STATUS,tree-preservation-order-tree,,,
tree,3237276c4ae0e3dae446205a7b917485ce23c196203d80bf30c8cb186e67c8f3,,TREETYPE,tree-species,,,
tree,3237276c4ae0e3dae446205a7b917485ce23c196203d80bf30c8cb186e67c8f3,,ORDERYEAR,start-date,,,
tree,3237276c4ae0e3dae446205a7b917485ce23c196203d80bf30c8cb186e67c8f3,,COMMENTS,notes,,,
tree,3237276c4ae0e3dae446205a7b917485ce23c196203d80bf30c8cb186e67c8f3,,WKT,geometry,,,
tree-preservation-zone,3237276c4ae0e3dae446205a7b917485ce23c196203d80bf30c8cb186e67c8f3,,ORDERREF,reference,,,
tree-preservation-zone,3237276c4ae0e3dae446205a7b917485ce23c196203d80bf30c8cb186e67c8f3,,STATUS,tree-preservation-zone-type,,,
tree-preservation-zone,3237276c4ae0e3dae446205a7b917485ce23c196203d80bf30c8cb186e67c8f3,,ORDERYEAR,start-date,,,
tree-preservation-zone,3237276c4ae0e3dae446205a7b917485ce23c196203d80bf30c8cb186e67c8f3,,COMMENTS,notes,,,
tree,c1d65f06b7c0a242de3510837e0791fd3bf9fab19c09fa3477bcede0e883d7a1,,WKT,geometry,,,
tree,aa5fe3c1812f1ba4cc50111b8e90e081ea8dbe666f08d506c5adfe76fd7a7c3f,,WKT,geometry,,,
tree,c8a8c4ee3f365b5d0e486c5d592f0de7f081f44ce266c9f543bf930677828021,,WKT,geometry,,,
tree,8152ca14f703747b1fc45664d130918ff05da7f4b92d16efb504ddb40c283b67,,Species,tree-species,,,
tree-preservation-zone,e6903f1549f02d4116085ad87189bc1505b43bc89f9d6171de7d48f4c79fb3e9,,species,tree-species-list,,,
tree,f59e8ab0f427a9e36635f185c0a2b8123fac7a19c70bf38bc6d250b65cb57150,,WKT,geometry,,,
tree,7b97d49f5afd043f8745bd6afdf3bca586bda28ebb783ce65a0bc1d3e5445479,,WKT,geometry,,,
tree,d0b3cca538f9691bee12461b6aa57573f4122fc9e9eda32adf89e77cec2e0cf6,,WKT,geometry,,,
tree-preservation-order,d56085492d6911fb4904ad3e9cb5ca61a61a9027d39c63c0e6cb4051ec76d855,,TREE_PRESERVATION_ORDER,reference,,,
tree-preservation-order,d56085492d6911fb4904ad3e9cb5ca61a61a9027d39c63c0e6cb4051ec76d855,,Documentation_URL,IGNORE,,,
tree,d56085492d6911fb4904ad3e9cb5ca61a61a9027d39c63c0e6cb4051ec76d855,,WKT,geometry,,,
tree,02b7f5e685be3fedc7145c397927bccb4c4c8d660e8eebb4e9f0b917bee9ce82,,REF,reference,,,
tree,02b7f5e685be3fedc7145c397927bccb4c4c8d660e8eebb4e9f0b917bee9ce82,,reference,tree-preservation-order,,,
tree-preservation-zone,6478f837887a0285b0191a154b114f79c2d010a29133d9e9585140fd62acae29,,REF,reference,,,
tree-preservation-zone,6478f837887a0285b0191a154b114f79c2d010a29133d9e9585140fd62acae29,,TREE_PRESERVATION_ORDER,reference,,,
tree,02b7f5e685be3fedc7145c397927bccb4c4c8d660e8eebb4e9f0b917bee9ce82,,WKT,geometry,,,
tree-preservation-zone,8aa207a3d81a8fb327763abd85ca810e6cd5e32f6745037f0d07cb29cf0f6a31,,name,tree-preservation-order,,,
tree-preservation-zone,8aa207a3d81a8fb327763abd85ca810e6cd5e32f6745037f0d07cb29cf0f6a31,,species,tree-species-list,,,
tree-preservation-zone,8aa207a3d81a8fb327763abd85ca810e6cd5e32f6745037f0d07cb29cf0f6a31,,tree_group,tree-preservation-zone-type,,,
tree,8aa207a3d81a8fb327763abd85ca810e6cd5e32f6745037f0d07cb29cf0f6a31,,name,tree-preservation-order,,,
tree,8aa207a3d81a8fb327763abd85ca810e6cd5e32f6745037f0d07cb29cf0f6a31,,species,tree-species,,,
tree,8aa207a3d81a8fb327763abd85ca810e6cd5e32f6745037f0d07cb29cf0f6a31,,tree_group,tree-preservation-order-tree,,,
tree-preservation-order,8aa207a3d81a8fb327763abd85ca810e6cd5e32f6745037f0d07cb29cf0f6a31,,Name,reference,,,
tree,8f51a5631fff52eaa920a053649866336839bfb4a385dfcb0b7cf5fba977588e,,WKT,geometry,,,
tree-preservation-zone,236e026d5a3ddde23fe12020816b54f2ba62d38d6ef0455e096c927df7addeda,,REF,reference,,,
tree-preservation-zone,236e026d5a3ddde23fe12020816b54f2ba62d38d6ef0455e096c927df7addeda,,reference,tree-preservation-order,,,
tree,8171edd1c90c4a4ac2d209832e674d681859d5f341b7893309dd8fabed97e393,,REF,reference,,,
tree,8171edd1c90c4a4ac2d209832e674d681859d5f341b7893309dd8fabed97e393,,reference,tree-preservation-order,,,
tree,8171edd1c90c4a4ac2d209832e674d681859d5f341b7893309dd8fabed97e393,,WKT,geometry,,,
tree-preservation-order,e1a8ddd5c0318a2a685430ece7c5e08ea45bb4ed974734e94e4ed062d1f357f5,,tree_preservation_order,reference,,,
tree-preservation-order,4ac87bfbd29d3fd8d52297c65a5385ae867e1e15ba7ed629217ff3013aeb5c28,,tree_preservation_order,reference,,,
tree-preservation-order,c18514d51a4072b1fa0eceb0e390e65555bfcc93135b37c0b367d45bac3a5ae3,,tree_preservation_order,reference,,,
tree-preservation-order,88e9e4aebf3e09b64430391fa2cf486c8a502765b9e96f790633e64baa4f40d9,,tree_preservation_order,reference,,,